shrimpingTrigger,45.19027
shrimpingTrigger,46.56809
shrimpingTrigger,47.07922
shrimpingTrigger,47.43479
2,61.24636
2,61.24636
2,61.24636
Exit,63.4131
