floodTrigger,23.57801
Person3@Breathing Idle,45.54541
2,73.50189
2,74.13525
3,74.90194
3,77.34647
Exit,82.4133
